symbol,sector,beta,size_inr,weeks,buy_signals,buy_hit_rate,buy_mean_ret,score_ret_corr,beta_bucket,size_bucket
ADANIENT,Infra & Cement,1.7048829793930054,17995532137.070312,167,71,0.4647887323943662,0.0016739469720050693,-0.09880754841435889,high beta,mid
ADANIPORTS,Infra & Cement,1.5188066959381104,16840849400.0,167,44,0.6363636363636364,0.017574040219187737,-0.057303637131932365,high beta,mid
APOLLOHOSP,Pharma & Healthcare,0.7119685411453247,12214364332.023438,167,8,0.5,0.0031768158078193665,0.020053696393787297,low beta,smaller
ASIANPAINT,Consumer,0.7186704874038696,13769233658.460938,167,5,0.0,-0.020851338282227516,-0.06884681583476765,low beta,smaller
AXISBANK,Banks,1.083046555519104,42327282952.65613,167,1,0.0,-0.07617610692977905,-0.06653560349181156,mid beta,larger
BAJAJ-AUTO,Auto,0.8514030575752258,15170771249.15332,167,6,0.5,0.0021045405883342028,-0.1923098725097138,low beta,mid
BAJFINANCE,Financial Services,1.1890218257904053,36243972457.37628,167,0,,,0.06194667463695673,high beta,larger
BAJAJFINSV,Financial Services,1.1331052780151367,11213684698.724976,167,0,,,-0.03179527348057757,high beta,smaller
BEL,Infra & Cement,1.2671068906784058,25944240112.226562,167,25,0.6,0.014647167176008224,-0.07441743019984129,high beta,larger
BHARTIARTL,Telecom & Media,0.7983261346817017,44835658468.406006,167,2,0.5,0.006578654050827026,-0.15660074000020613,low beta,larger
CIPLA,Pharma & Healthcare,0.5678399205207825,9581733136.45996,167,4,0.25,-0.006642848253250122,-0.09891318911230894,low beta,smaller
COALINDIA,Metals & Mining,1.0087171792984009,14718022149.330322,167,9,0.5555555555555556,0.0033673709258437157,-0.18842693270945202,mid beta,smaller
DRREDDY,Pharma & Healthcare,0.5975908637046814,10914490336.486816,167,2,0.5,-0.010387688875198364,-0.09438867531717976,low beta,smaller
EICHERMOT,Auto,1.002837896347046,13555982474.34082,167,1,1.0,0.008825540542602539,-0.030831624187081953,mid beta,smaller
ETERNAL,Consumer,1.142113208770752,44281873646.54584,162,106,0.5849056603773585,0.014552148059010506,-0.09501369677416624,high beta,larger
GRASIM,Infra & Cement,1.1189608573913574,8043111888.262207,167,4,0.5,-0.0016001313924789429,-0.09272676677625817,high beta,smaller
HCLTECH,IT,0.9450228810310364,19114849085.199463,167,17,0.47058823529411764,-0.016457006335258484,-0.18711801869582698,mid beta,mid
HDFCBANK,Banks,1.0705431699752808,113614461786.5409,167,6,0.6666666666666666,0.014550457708537579,-0.07168107846269596,mid beta,larger
HDFCLIFE,Financial Services,0.790784478187561,10029607737.21582,167,4,0.25,-0.004939049482345581,-0.02672969040170456,low beta,smaller
HINDALCO,Metals & Mining,1.1811517477035522,17654698810.78009,167,24,0.6666666666666666,0.008073416538536549,-0.1044451544415472,high beta,mid
HINDUNILVR,FMCG,0.5455793738365173,18060519239.109375,167,14,0.5714285714285714,0.0007904171943664551,-0.012117761035588032,low beta,mid
ICICIBANK,Banks,0.9018722176551819,74145336291.10474,167,21,0.5714285714285714,0.0030183736234903336,-0.06769249796448411,mid beta,larger
INDIGO,Consumer,1.170566439628601,19766762220.0,167,13,0.46153846153846156,0.012265512719750404,-0.04859987426180342,high beta,mid
INFY,IT,1.0409209728240967,51850678436.61328,167,19,0.42105263157894735,-0.01631913147866726,-0.19452575056427593,mid beta,larger
ITC,FMCG,0.632658839225769,24599943291.0141,167,29,0.4482758620689655,-0.002022393746301532,-0.09731569563111299,low beta,larger
JIOFIN,Financial Services,1.3779746294021606,21264890627.600037,53,0,,,-0.02846315110466054,high beta,mid
JSWSTEEL,Metals & Mining,1.2719894647598267,8810016212.436462,167,1,0.0,-0.020991623401641846,-0.013872427262514558,high beta,smaller
KOTAKBANK,Banks,0.9819951057434082,34237086395.058594,167,4,0.25,-0.007226869463920593,-0.0394168633473157,mid beta,larger
LT,Infra & Cement,1.1948184967041016,33534925553.654297,167,1,0.0,-0.01162642240524292,-0.12317190060498624,high beta,larger
M&M,Auto,1.3282949924468994,34627235011.23193,167,5,0.6,0.011991607956588268,-0.126549826336999,high beta,larger
MARUTI,Auto,0.865611732006073,26088678274.34375,167,0,,,-0.03924938419202903,low beta,larger
MAXHEALTH,Pharma & Healthcare,0.802663266658783,9860516283.05371,167,95,0.5473684210526316,0.00870202761143446,-0.06532460036896948,low beta,smaller
NESTLEIND,FMCG,0.6157947778701782,8451094788.652344,167,34,0.47058823529411764,0.008559199050068855,-0.0687617879559298,low beta,smaller
NTPC,Energy,1.0849460363388062,18761009326.708984,167,8,0.5,-0.008511073887348175,-0.18155138618080835,mid beta,mid
ONGC,Energy,0.97391676902771,14212443612.06134,167,14,0.35714285714285715,-0.007796015124768019,-0.1889075907399819,mid beta,smaller
POWERGRID,Energy,0.9650700092315674,17210552979.075806,167,1,1.0,0.07962203025817871,-0.16531738588228018,mid beta,mid
RELIANCE,Energy,1.1582740545272827,77060049084.0,167,0,,,-0.12925783544786504,high beta,larger
SBILIFE,Financial Services,0.8157628178596497,8645423012.691895,167,9,0.2222222222222222,-0.018697598949074745,-0.09831284075566596,low beta,smaller
SBIN,Banks,1.094243049621582,47834290843.68085,167,6,0.16666666666666666,-0.006205419544130564,-0.06302111783318046,mid beta,larger
SHRIRAMFIN,Financial Services,1.5606826543807983,19217254716.0,167,65,0.6461538461538462,0.01612835004925728,-0.037221598111865775,high beta,mid
SUNPHARMA,Pharma & Healthcare,0.6089541912078857,16719068127.63794,167,4,0.25,-0.018538817763328552,-0.14015944015583293,low beta,mid
TATACONSUM,FMCG,0.7744181752204895,7191377027.62207,167,14,0.35714285714285715,0.001265261904336512,-0.06357766394921002,low beta,smaller
TATAMOTORS,Auto,1.2363321781158447,35087611868.24951,167,1,0.0,-0.017038464546203613,-0.12500644150597257,high beta,larger
TATASTEEL,Metals & Mining,1.3552501201629639,23396389895.190582,167,4,0.0,-0.037525027990341187,-0.1128654910488833,high beta,mid
TCS,IT,0.8858532905578613,39578258922.74414,167,18,0.3333333333333333,-0.013740413822233677,-0.20948550403495936,low beta,larger
TECHM,IT,0.9927603602409363,13034370164.494751,167,22,0.4090909090909091,-0.0029333883430808783,-0.11853659290712895,mid beta,smaller
TITAN,Consumer,0.7898926138877869,15630012335.38379,167,3,0.3333333333333333,-0.013257463462650776,-0.06438929370175313,low beta,mid
TRENT,Consumer,1.0953372716903687,16949429286.117676,167,76,0.5131578947368421,0.0012003739830106497,-0.13423325466107375,mid beta,mid
ULTRACEMCO,Infra & Cement,1.070467233657837,14733666991.476562,167,9,0.5555555555555556,0.0011374619789421558,-0.06504632731095468,mid beta,mid
WIPRO,IT,1.105177402496338,12872914294.554153,167,6,0.3333333333333333,-0.025986552238464355,-0.1585589578158657,mid beta,smaller
